"barcode","cluster","spot","TotalRDs","array_row","array_col"
"AAACAAGTATCTCCCA-1","Cluster 3","spot000",22655,50,102
"AGATACTCAAGATCGA-1","Cluster 4","spot100",10631,46,82
"AGATCTCAGGTGTGAT-1","Cluster 2","spot101",797,29,75
"AGATGACTCGCCCACG-1","Cluster 2","spot102",260,21,55
"AGCAACATATCTTATT-1","Cluster 2","spot103",180,41,93
"CAGAACTTAGCCCTCT-1","Cluster 4","spot212",5019,53,85
"CCGTAGGGTTGTTTAC-1","Cluster 3","spot259",10758,60,104
"CCTCCTGTTGTGTCGT-1","Cluster 3","spot266",19768,62,96
"TGATGTCAATTAAGTG-1","Cluster 3","spot662",8780,59,103
"TTACACGATCTGCGAC-1","Cluster 4","spot699",3699,62,110
