"index","groups"
"CCTCCTGTTGTGTCGT-1","G5"
"CCGTAGGGTTGTTTAC-1","G4"
"TGATGTCAATTAAGTG-1","G3"
"CAGAACTTAGCCCTCT-1","G2"
"TTACACGATCTGCGAC-1","G2"
"AAACAAGTATCTCCCA-1","G0"
"AGATACTCAAGATCGA-1","G0"
"AGATCTCAGGTGTGAT-1","G0"
"AGATGACTCGCCCACG-1","G0"
"AGCAACATATCTTATT-1","G0"
NA,NA
NA,NA
NA,NA
NA,NA
NA,NA
NA,NA
NA,NA
NA,NA
NA,NA
NA,NA
NA,NA
NA,NA
NA,NA
NA,NA
NA,NA
NA,NA
NA,NA
NA,NA
NA,NA
NA,NA
NA,NA
NA,NA
NA,NA
NA,NA
NA,NA
NA,NA
NA,NA
NA,NA
NA,NA
NA,NA
NA,NA
NA,NA
NA,NA
NA,NA
NA,NA
NA,NA
NA,NA
NA,NA
NA,NA
NA,NA
NA,NA
NA,NA
NA,NA
NA,NA
NA,NA
NA,NA
NA,NA
NA,NA
NA,NA
NA,NA
NA,NA
NA,NA
NA,NA
NA,NA
NA,NA
NA,NA
NA,NA
NA,NA
NA,NA
NA,NA
NA,NA
NA,NA
NA,NA
NA,NA
NA,NA
NA,NA
NA,NA
NA,NA
NA,NA
NA,NA
NA,NA
NA,NA
NA,NA
NA,NA
NA,NA
NA,NA
NA,NA
NA,NA
NA,NA
NA,NA
NA,NA
NA,NA
NA,NA
NA,NA
NA,NA
NA,NA
NA,NA
NA,NA
NA,NA
NA,NA
NA,NA
NA,NA
NA,NA
NA,NA
NA,NA
NA,NA
NA,NA
NA,NA
NA,NA
NA,NA
NA,NA
NA,NA
NA,NA
NA,NA
NA,NA
NA,NA
NA,NA
NA,NA
NA,NA
NA,NA
NA,NA
NA,NA
NA,NA
NA,NA
NA,NA
NA,NA
NA,NA
NA,NA
NA,NA
NA,NA
NA,NA
NA,NA
NA,NA
NA,NA
NA,NA
NA,NA
NA,NA
NA,NA
NA,NA
NA,NA
NA,NA
NA,NA
NA,NA
NA,NA
NA,NA
NA,NA
NA,NA
NA,NA
NA,NA
NA,NA
NA,NA
NA,NA
NA,NA
NA,NA
NA,NA
NA,NA
NA,NA
NA,NA
NA,NA
NA,NA
NA,NA
NA,NA
NA,NA
NA,NA
NA,NA
NA,NA
NA,NA
NA,NA
NA,NA
NA,NA
NA,NA
NA,NA
NA,NA
NA,NA
NA,NA
NA,NA
NA,NA
NA,NA
NA,NA
NA,NA
NA,NA
NA,NA
NA,NA
NA,NA
NA,NA
NA,NA
NA,NA
NA,NA
NA,NA
NA,NA
NA,NA
NA,NA
NA,NA
NA,NA
NA,NA
NA,NA
NA,NA
NA,NA
NA,NA
NA,NA
NA,NA
NA,NA
NA,NA
NA,NA
NA,NA
NA,NA
NA,NA
NA,NA
NA,NA
NA,NA
NA,NA
NA,NA
NA,NA
NA,NA
NA,NA
NA,NA
NA,NA
NA,NA
NA,NA
NA,NA
NA,NA
NA,NA
NA,NA
NA,NA
NA,NA
NA,NA
NA,NA
NA,NA
NA,NA
NA,NA
NA,NA
NA,NA
NA,NA
NA,NA
NA,NA
NA,NA
NA,NA
NA,NA
NA,NA
NA,NA
NA,NA
NA,NA
NA,NA
NA,NA
NA,NA
NA,NA
NA,NA
NA,NA
NA,NA
NA,NA
NA,NA
NA,NA
NA,NA
NA,NA
NA,NA
NA,NA
NA,NA
NA,NA
NA,NA
NA,NA
NA,NA
NA,NA
NA,NA
NA,NA
NA,NA
NA,NA
NA,NA
NA,NA
NA,NA
NA,NA
NA,NA
NA,NA
NA,NA
NA,NA
NA,NA
NA,NA
NA,NA
NA,NA
NA,NA
NA,NA
NA,NA
NA,NA
NA,NA
NA,NA
NA,NA
NA,NA
NA,NA
NA,NA
NA,NA
NA,NA
NA,NA
NA,NA
NA,NA
NA,NA
NA,NA
NA,NA
NA,NA
NA,NA
NA,NA
NA,NA
NA,NA
NA,NA
NA,NA
NA,NA
NA,NA
NA,NA
NA,NA
NA,NA
NA,NA
NA,NA
NA,NA
NA,NA
NA,NA
NA,NA
NA,NA
NA,NA
NA,NA
NA,NA
NA,NA
NA,NA
NA,NA
NA,NA
NA,NA
NA,NA
NA,NA
NA,NA
NA,NA
NA,NA
NA,NA
NA,NA
NA,NA
NA,NA
NA,NA
NA,NA
NA,NA
NA,NA
NA,NA
NA,NA
NA,NA
NA,NA
NA,NA
NA,NA
NA,NA
NA,NA
NA,NA
NA,NA
NA,NA
NA,NA
NA,NA
NA,NA
NA,NA
NA,NA
NA,NA
NA,NA
NA,NA
NA,NA
NA,NA
NA,NA
NA,NA
NA,NA
NA,NA
NA,NA
NA,NA
NA,NA
NA,NA
NA,NA
NA,NA
NA,NA
NA,NA
NA,NA
NA,NA
NA,NA
NA,NA
NA,NA
NA,NA
NA,NA
NA,NA
NA,NA
NA,NA
NA,NA
NA,NA
NA,NA
NA,NA
NA,NA
NA,NA
NA,NA
NA,NA
NA,NA
NA,NA
NA,NA
NA,NA
NA,NA
NA,NA
NA,NA
NA,NA
NA,NA
NA,NA
NA,NA
NA,NA
NA,NA
NA,NA
NA,NA
NA,NA
NA,NA
NA,NA
NA,NA
NA,NA
NA,NA
NA,NA
NA,NA
NA,NA
NA,NA
NA,NA
NA,NA
NA,NA
NA,NA
NA,NA
NA,NA
NA,NA
NA,NA
NA,NA
NA,NA
NA,NA
NA,NA
NA,NA
NA,NA
NA,NA
NA,NA
NA,NA
NA,NA
NA,NA
NA,NA
NA,NA
NA,NA
NA,NA
NA,NA
NA,NA
NA,NA
NA,NA
NA,NA
NA,NA
NA,NA
NA,NA
NA,NA
NA,NA
NA,NA
NA,NA
NA,NA
NA,NA
NA,NA
NA,NA
NA,NA
NA,NA
NA,NA
NA,NA
NA,NA
NA,NA
NA,NA
NA,NA
NA,NA
NA,NA
NA,NA
NA,NA
NA,NA
NA,NA
NA,NA
NA,NA
NA,NA
NA,NA
NA,NA
NA,NA
NA,NA
NA,NA
NA,NA
NA,NA
NA,NA
NA,NA
NA,NA
NA,NA
NA,NA
NA,NA
NA,NA
NA,NA
NA,NA
NA,NA
NA,NA
NA,NA
NA,NA
NA,NA
NA,NA
NA,NA
NA,NA
NA,NA
NA,NA
NA,NA
NA,NA
NA,NA
NA,NA
NA,NA
NA,NA
NA,NA
NA,NA
NA,NA
NA,NA
NA,NA
NA,NA
NA,NA
NA,NA
NA,NA
NA,NA
NA,NA
NA,NA
NA,NA
NA,NA
NA,NA
NA,NA
NA,NA
NA,NA
NA,NA
NA,NA
NA,NA
NA,NA
NA,NA
NA,NA
NA,NA
NA,NA
NA,NA
NA,NA
NA,NA
NA,NA
NA,NA
NA,NA
NA,NA
NA,NA
NA,NA
NA,NA
NA,NA
NA,NA
NA,NA
NA,NA
NA,NA
NA,NA
NA,NA
NA,NA
NA,NA
NA,NA
NA,NA
NA,NA
NA,NA
NA,NA
NA,NA
NA,NA
NA,NA
NA,NA
NA,NA
NA,NA
NA,NA
NA,NA
NA,NA
NA,NA
NA,NA
NA,NA
NA,NA
NA,NA
NA,NA
NA,NA
NA,NA
NA,NA
NA,NA
NA,NA
NA,NA
NA,NA
NA,NA
NA,NA
NA,NA
NA,NA
NA,NA
NA,NA
NA,NA
NA,NA
NA,NA
NA,NA
NA,NA
NA,NA
NA,NA
NA,NA
NA,NA
NA,NA
NA,NA
NA,NA
NA,NA
NA,NA
NA,NA
NA,NA
NA,NA
NA,NA
NA,NA
NA,NA
NA,NA
NA,NA
NA,NA
NA,NA
NA,NA
NA,NA
NA,NA
NA,NA
NA,NA
NA,NA
NA,NA
NA,NA
NA,NA
NA,NA
NA,NA
NA,NA
NA,NA
NA,NA
NA,NA
NA,NA
NA,NA
NA,NA
NA,NA
NA,NA
NA,NA
NA,NA
NA,NA
NA,NA
NA,NA
NA,NA
NA,NA
NA,NA
NA,NA
NA,NA
NA,NA
NA,NA
NA,NA
NA,NA
NA,NA
NA,NA
NA,NA
NA,NA
NA,NA
NA,NA
NA,NA
NA,NA
NA,NA
NA,NA
NA,NA
NA,NA
NA,NA
NA,NA
NA,NA
NA,NA
NA,NA
NA,NA
NA,NA
NA,NA
NA,NA
NA,NA
NA,NA
NA,NA
NA,NA
NA,NA
NA,NA
NA,NA
NA,NA
NA,NA
NA,NA
NA,NA
NA,NA
NA,NA
NA,NA
NA,NA
NA,NA
NA,NA
NA,NA
NA,NA
NA,NA
NA,NA
NA,NA
NA,NA
NA,NA
NA,NA
NA,NA
NA,NA
NA,NA
NA,NA
NA,NA
NA,NA
NA,NA
NA,NA
NA,NA
NA,NA
NA,NA
NA,NA
NA,NA
NA,NA
NA,NA
NA,NA
NA,NA
NA,NA
