"barcode","TumorGp"
"AAACCTAAGCAGCCGG-1","1Mut"
"AAATCGTGTACCACAA-1","0Mut2Ref"
"AAATTAATAAGCGCGA-1","0Mut1Ref"
"AACACACGCTCGCCGC-1","2+Mut"
"AACCAAGACTTCTCTG-1","0Mut2Ref"
"AACCTCGCTTTAGCCC-1","1Mut"
"AACCTTTAAATACGGT-1","0Mut3Ref"
"AACGCTGTTGCTGAAA-1","2+Mut"
"AACGGACGTACGTATA-1","2+Mut"
"AACTCAAGTTAATTGC-1","0Mut1Ref"
"AACTTTACGGGAGCTT-1","0Mut2Ref"
"AAGCACCCTGCGTATC-1","2+Mut"
"AAGTAGTGACGCGAGG-1","0Mut2Ref"
"AAGTGTTTGGAGACGG-1","2+Mut"
"AAGTTCACTCCAAGCT-1","0Mut2Ref"
"AATAACAACGCTCGGC-1","0Mut1Ref"
"AATAGAATCTGTTTCA-1","1Mut"
"AATATTGGAGTATTGA-1","0Mut1Ref"
"AATGGTCCACCGTTCA-1","0Mut4Ref"
"AATTAAAGGTCGGCGT-1","0Mut1Ref"
"AATTAACGGATTTCCA-1","0Mut2Ref"
"AATTCTAGAGTTAGGC-1","0Mut2Ref"
"AATTGAACGCTCTGGT-1","0Mut1Ref"
"ACAAATCGCACCGAAT-1","0Mut4Ref"
"ACAAGGAAATCCGCCC-1","0Mut2Ref"
"ACAAGGATGCTTTAGG-1","2+Mut"
"ACAATCCATTTAAACC-1","0Mut2Ref"
"ACAATTTAGGAGGCTC-1","0Mut5+Ref"
"ACATCAGCTGGGACGC-1","0Mut4Ref"
"ACATCGATCGTTTACC-1","0Mut5+Ref"
"ACCCGGTTACACTTCC-1","0Mut1Ref"
"ACCGACACATCTCCCA-1","0Mut1Ref"
"ACCTAATCGACTTCCT-1","0Mut3Ref"
"ACGCCGCTAGACGACC-1","0Mut4Ref"
"ACGCGTTTCTTAAGAG-1","0Mut3Ref"
"ACGGACTCTCAAAGCG-1","2+Mut"
"ACGGATGGTGCGGATA-1","0Mut2Ref"
"ACGTTAGATTTGCCCG-1","0Mut1Ref"
"ACTCAAGTGCAAGGCT-1","0Mut1Ref"
"ACTCCCTAATGCTAAA-1","0Mut1Ref"
"ACTGAATGGCGAAAGT-1","1Mut"
"ACTTACGCATCCACGC-1","2+Mut"
"ACTTATTAGGATCGGT-1","0Mut1Ref"
"ACTTCAGGCTGATCCC-1","1Mut"
"ACTTCCATGCGGGACA-1","1Mut"
"AGAAGGTTGCCGAATT-1","0Mut1Ref"
"AGATATAATACGACTA-1","2+Mut"
"AGCACTACCTCACCAG-1","2+Mut"
"AGCACTTAAGGACGCC-1","0Mut1Ref"
"AGCTCCTTCGCACATC-1","0Mut1Ref"
"AGCTCTTTACTCAGTT-1","0Mut2Ref"
"AGGAAGCTGTCCGCCG-1","2+Mut"
"AGGACGACCCATTAGA-1","0Mut2Ref"
"AGGATAAAGTCGGGAT-1","2+Mut"
"AGGGTGGATAGTGCAT-1","0Mut2Ref"
"AGGTAGGTACAAAGCT-1","0Mut2Ref"
"AGTACTCTTATGCCCA-1","0Mut5+Ref"
"AGTCAACACCACCATC-1","0Mut1Ref"
"AGTCGTATAAAGCAGA-1","1Mut"
"AGTCGTCGACCACCAA-1","2+Mut"
"AGTGATAACCTGCGCG-1","2+Mut"
"AGTGATATGAGTAGTT-1","0Mut3Ref"
"AGTGCACGCTTAAGAA-1","0Mut2Ref"
"AGTGGCGTCTGAAGGT-1","0Mut4Ref"
"AGTTAAACACTTGCGA-1","0Mut5+Ref"
"ATAATCTTGGAGAACC-1","2+Mut"
"ATACAGGCCCTCCAAT-1","2+Mut"
"ATACCTAACCAAGAAA-1","0Mut2Ref"
"ATACGGTGAAGATGCA-1","0Mut5+Ref"
"ATACGTACTTAGCCAC-1","2+Mut"
"ATACTGCCTTACACCG-1","1Mut"
"ATACTTGTTCTCGAGC-1","0Mut5+Ref"
"ATAGTGAAGCGTTCTC-1","0Mut3Ref"
"ATATAAAGCGCTCGTG-1","0Mut5+Ref"
"ATATAAATGTAGCTGC-1","2+Mut"
"ATCAGCCTCATGCTGC-1","0Mut2Ref"
"ATCCACATCGACAGAA-1","2+Mut"
"ATCCTGCGTGGAATGG-1","0Mut1Ref"
"ATCGACCCAATACAGA-1","0Mut3Ref"
"ATCGGAGACAGACGGC-1","0Mut1Ref"
"ATCTAATATCCTACGG-1","0Mut2Ref"
"ATCTGGGCTGTTCTTG-1","0Mut1Ref"
"ATGAAGTGGACCCAGC-1","0Mut1Ref"
"ATGACTATGCGACATT-1","1Mut"
"ATGATGCAATGGTACA-1","0Mut3Ref"
"ATGCTCTGGCGCGGTA-1","2+Mut"
"CAAATGTCCTTCCGTG-1","0Mut5+Ref"
"CAAGCAACGTCGGAGT-1","0Mut3Ref"
"CAATGCGAGAAGTATC-1","0Mut1Ref"
"CACAATGAGCTGCTAT-1","0Mut2Ref"
"CACATCTCACCGACGA-1","2+Mut"
"CACGAAAGTTAGTCCC-1","0Mut3Ref"
"CACGGGATTGAGGGTT-1","0Mut2Ref"
"CAGAACTTAGCCCTCT-1","1Mut"
"CAGAGACGGTCACCCA-1","0Mut1Ref"
"CAGCTTAGTAGGTAGC-1","0Mut3Ref"
"CAGGATATATCGTTGT-1","0Mut1Ref"
"CAGGCAGTCTTACCAG-1","0Mut2Ref"
"CAGTGTCGGCTGGCCC-1","2+Mut"
"CATAAGAAGCTTGGCT-1","0Mut1Ref"
"CATATAGGTACAGTCA-1","0Mut5+Ref"
"CATCATTACCCTGAGG-1","1Mut"
"CATCCTCTCAAAGATC-1","0Mut2Ref"
"CATCGGACGGGTTAAT-1","0Mut1Ref"
"CATGAGATGCACTCTC-1","1Mut"
"CATGGGTATGCCTTAT-1","2+Mut"
"CCACACTGAGATATTA-1","0Mut3Ref"
"CCAGCTTCCGCCCGCA-1","0Mut2Ref"
"CCATTAGCGATAATCC-1","0Mut1Ref"
"CCATTTCTACCTATTA-1","2+Mut"
"CCCGCAGCGCGAACTA-1","0Mut2Ref"
"CCGCACGTGACCTCGG-1","0Mut1Ref"
"CCGCGGGTACGAAGAA-1","0Mut4Ref"
"CCGCGTAGGTAAGGGC-1","0Mut2Ref"
"CCTAACCCAAACAAGT-1","2+Mut"
"CCTCCGACAATTCAAG-1","0Mut2Ref"
"CCTCGGATGCTACCTG-1","0Mut2Ref"
"CCTCTGTACTATTCTA-1","0Mut1Ref"
"CCTGCGTTCTACGCTT-1","0Mut5+Ref"
"CCTGTAAGACATGATA-1","0Mut3Ref"
"CGAAGTTGCTCTGTGT-1","0Mut1Ref"
"CGACAGTTCGCGTTAT-1","0Mut1Ref"
"CGAGACCCTAGAGTGT-1","0Mut3Ref"
"CGATACCTCGCGGACA-1","0Mut3Ref"
"CGATTAAATATCTCCT-1","1Mut"
"CGATTCGCCTGGCTGC-1","2+Mut"
"CGCTACGGGACATTTA-1","0Mut4Ref"
"CGGAGCAATTTAATCG-1","0Mut1Ref"
"CGGATCCTCAAGGACT-1","0Mut2Ref"
"CGGCAAACATCGTGCG-1","1Mut"
"CGGTGAAGACTAAAGT-1","0Mut1Ref"
"CGTCAAGGCTATAAAT-1","0Mut5+Ref"
"CGTCGCATGTGAGCCA-1","0Mut1Ref"
"CGTCGTCCTTCGCGAA-1","0Mut5+Ref"
"CGTGAAGTTAATTCAC-1","0Mut1Ref"
"CGTTAATGTCCCGACG-1","1Mut"
"CGTTGTTTCAATTCCC-1","0Mut1Ref"
"CTAACCGCGCGCCCGT-1","0Mut4Ref"
"CTAGGTTCGGACGTGA-1","2+Mut"
"CTAGTAGAAAGGGATT-1","1Mut"
"CTATCGACGAAATACA-1","1Mut"
"CTCAACTAACCCGGAT-1","2+Mut"
"CTCACATTTACTAAAT-1","0Mut5+Ref"
"CTCACTGTGATACTTA-1","2+Mut"
"CTCATTGCTCTAACAA-1","1Mut"
"CTCGCCGAATGTAGGG-1","0Mut1Ref"
"CTGAATCCGAGACCTC-1","0Mut1Ref"
"CTGATAGTGTATCTCA-1","0Mut5+Ref"
"CTGCCCACGAAGCGTT-1","0Mut5+Ref"
"CTGCGGGTGAAATGTT-1","0Mut1Ref"
"CTGCTTGGCGATAGCT-1","1Mut"
"CTGGAAGACACGGTGG-1","1Mut"
"CTGTGGTCGGGAGATA-1","2+Mut"
"CTTAGTGTAGTAGCAT-1","1Mut"
"CTTCAACTCCACTTGG-1","1Mut"
"CTTCGTAGATAGGTGA-1","0Mut1Ref"
"CTTTAATATTGGTCGA-1","2+Mut"
"CTTTACCGAATAGTAG-1","1Mut"
"CTTTGGCGCTTTATAC-1","2+Mut"
"GAAATATCACCATCAG-1","0Mut1Ref"
"GAAATTGTCTCTATAA-1","0Mut3Ref"
"GAACAGATTACTAAAT-1","0Mut3Ref"
"GAACCCTCTGTGTTCT-1","0Mut1Ref"
"GAACCTTTAACGATCC-1","0Mut1Ref"
"GAAGTGATTTATCGTG-1","0Mut4Ref"
"GAATCTGAACATTCTC-1","0Mut3Ref"
"GAATGCGAATCGGTTC-1","0Mut2Ref"
"GAATTCACCCGGGTGT-1","0Mut2Ref"
"GACACTGAGTTCAGTG-1","0Mut1Ref"
"GACCTTCCACGTCTAC-1","0Mut4Ref"
"GACGACGATCCGCGTT-1","1Mut"
"GACTGCAAATCGAGCT-1","1Mut"
"GACTGCACCAGCCCAG-1","2+Mut"
"GAGAGGGCGCGAGGTT-1","0Mut5+Ref"
"GAGATGGGAGTCGACA-1","0Mut1Ref"
"GAGCACCTGTGTCCAG-1","1Mut"
"GAGGCTATCAAAGTCG-1","0Mut1Ref"
"GAGTATGCGCGTGCAT-1","0Mut2Ref"
"GAGTCGACAGACCCTC-1","0Mut2Ref"
"GAGTGTCAACCAGAAA-1","0Mut5+Ref"
"GATCTTGGAGGGCATA-1","0Mut3Ref"
"GATGTTCAATCCACGA-1","0Mut1Ref"
"GATTAACCGAAAGCCC-1","2+Mut"
"GCAAATATTACGCTTT-1","0Mut1Ref"
"GCAACCCAAGTTGTTT-1","0Mut1Ref"
"GCAGCACACAGCCCAG-1","0Mut3Ref"
"GCAGTGTGGCTATAGG-1","0Mut1Ref"
"GCATTCGAAATGAACA-1","0Mut3Ref"
"GCCCGATCTGTGGTCG-1","0Mut1Ref"
"GCCGAAATTCCTACGT-1","0Mut5+Ref"
"GCCGCTTGTGAGAAAC-1","0Mut4Ref"
"GCCGGGTTAGGGTCGC-1","0Mut2Ref"
"GCCTCTATACATAGCA-1","2+Mut"
"GCGAGGCCCGAGCAGA-1","0Mut5+Ref"
"GCGCGTCATTGGTACA-1","2+Mut"
"GCGCTATGCCGAGGCA-1","1Mut"
"GCGCTTAAATAATTGG-1","0Mut2Ref"
"GCGGCTCTGACGTACC-1","0Mut2Ref"
"GCGTCGCCAGGGTGAT-1","2+Mut"
"GCGTTATATTTGGAAC-1","0Mut4Ref"
"GCTACGACTTATTGGG-1","0Mut1Ref"
"GCTACTATAGTAGAGT-1","1Mut"
"GCTAGGCACCACGGAG-1","2+Mut"
"GCTATACGTCTCGGAC-1","0Mut2Ref"
"GCTATCATACTCATGG-1","2+Mut"
"GCTGCTACTGCGTAGC-1","0Mut1Ref"
"GCTGGCGGCGCATGCT-1","2+Mut"
"GGCATACAGGTAGCGG-1","0Mut1Ref"
"GGCCCTCACCCACTTA-1","0Mut1Ref"
"GGCCGGCGTCTGCTAT-1","2+Mut"
"GGCGTAGGGAAAGCTG-1","1Mut"
"GGCTATTAAGTTGTAT-1","0Mut1Ref"
"GGGTGACACCTTAACT-1","0Mut1Ref"
"GGTACAAACATGCTAT-1","0Mut2Ref"
"GGTAGAAGACCGCCTG-1","0Mut2Ref"
"GGTGATGAAGGAAGTG-1","0Mut5+Ref"
"GGTGCTGGTACACATT-1","0Mut1Ref"
"GGTGGACTGCTCTGGC-1","1Mut"
"GGTTGTGTAGCCTGGC-1","0Mut1Ref"
"GTAGTCTACGATATTG-1","0Mut1Ref"
"GTCAGTTTGGTAGTCG-1","0Mut2Ref"
"GTCATTGCATTGACCC-1","0Mut5+Ref"
"GTCCGAGAGCAATCAT-1","0Mut5+Ref"
"GTCCGGACCTGAAATT-1","2+Mut"
"GTCCTACGAATAGTCT-1","0Mut1Ref"
"GTCCTATTGTTGTGGT-1","0Mut3Ref"
"GTCTATCTGAGTTTCT-1","0Mut3Ref"
"GTCTTCCTCACCTAAG-1","0Mut3Ref"
"GTGACAGCTTCCCACT-1","2+Mut"
"GTGACGCAGGTTTCAT-1","0Mut1Ref"
"GTGAGCGTGCTGCACT-1","0Mut2Ref"
"GTGATCATAGATCTGC-1","0Mut3Ref"
"GTGATCCTTGTCATGA-1","2+Mut"
"GTGGACGCATTTGTCC-1","0Mut2Ref"
"GTGTCGTATAGCGTTC-1","0Mut2Ref"
"GTTAAAGTAGGACTGG-1","0Mut1Ref"
"GTTAACATCACTTAAA-1","1Mut"
"GTTAAGGGTGCGATGT-1","0Mut1Ref"
"GTTAATGTCTATCTTA-1","0Mut5+Ref"
"GTTACTTTGGGCCTAG-1","0Mut5+Ref"
"GTTAGCCCATGACATC-1","0Mut2Ref"
"GTTATATTATCTCCCT-1","0Mut1Ref"
"GTTGGTCATGCTATCC-1","0Mut1Ref"
"GTTTGGGCTTGTGAGC-1","0Mut1Ref"
"TAACAATATTTGTTGC-1","0Mut1Ref"
"TAACTCATCCGCGCGG-1","0Mut3Ref"
"TAAGTTGCGACGTAGG-1","0Mut2Ref"
"TACAACGCACAACTCA-1","0Mut5+Ref"
"TACAGAAACGGTGGGC-1","0Mut1Ref"
"TACCAATAAAGTACCA-1","1Mut"
"TACCGTGCCTCGGACC-1","0Mut1Ref"
"TACGACGCTTGCTGCG-1","2+Mut"
"TAGACGAAACGCCAAT-1","0Mut2Ref"
"TAGATTCCTGGTTATT-1","0Mut5+Ref"
"TAGCGTCCGGTGTGGT-1","0Mut3Ref"
"TAGGTGACGATAACCT-1","0Mut2Ref"
"TATATCATTGATCAGT-1","0Mut5+Ref"
"TCAAATTTGAGACTCA-1","0Mut1Ref"
"TCAACTAACGTATAAC-1","0Mut5+Ref"
"TCAATACAATTGCTGC-1","0Mut4Ref"
"TCACAGGTTATTGGGC-1","0Mut1Ref"
"TCCAACTTTAAATTCT-1","0Mut2Ref"
"TCCCTGGCTCGCTGGA-1","0Mut3Ref"
"TCCGATTACATTGCCG-1","0Mut1Ref"
"TCCGCCTGTCTACAAG-1","2+Mut"
"TCCTAAATTGGGAAGC-1","0Mut4Ref"
"TCCTACATCCACGGCC-1","0Mut2Ref"
"TCCTAGCAAAGAAGCT-1","0Mut3Ref"
"TCCTCTCCAGTTGTCC-1","0Mut2Ref"
"TCGCACCAGGAGGCAG-1","0Mut1Ref"
"TCGCTACTGGCTTTGA-1","2+Mut"
"TCGGGAGACAGCGTAC-1","0Mut1Ref"
"TCTCATGAGATAGGGT-1","1Mut"
"TCTCCCTGGGCAGCGT-1","2+Mut"
"TCTGAAGCACGTGGTC-1","2+Mut"
"TCTGATGTATTCTGTC-1","0Mut1Ref"
"TGAGTAAATTAGCGTA-1","0Mut4Ref"
"TGCAGAGTACCGAGCA-1","0Mut3Ref"
"TGCCAGTACGTGGAGA-1","1Mut"
"TGCCGTGGATCGTCCT-1","0Mut1Ref"
"TGCTAAGTGTCTATTT-1","2+Mut"
"TGCTCGGCGAAACCCA-1","0Mut3Ref"
"TGCTCGGTGGGTCACC-1","2+Mut"
"TGGACCAATCTAAGAT-1","2+Mut"
"TGGCAGATTACGATCA-1","0Mut1Ref"
"TGGTCCCACGCTACGG-1","2+Mut"
"TGGTCTGTTGGGCGTA-1","0Mut1Ref"
"TGGTTCAACGGGTAAT-1","0Mut1Ref"
"TGTGAGACTAGCCCAA-1","0Mut4Ref"
"TGTGCCGGTGCCGGAA-1","2+Mut"
"TTAATTGCTTTGGGTG-1","0Mut1Ref"
"TTACCATTGATTACCC-1","0Mut1Ref"
"TTACTATCGGCTTCTC-1","0Mut1Ref"
"TTACTGGGATATTTCA-1","0Mut3Ref"
"TTAGTAGGGCGGCGGG-1","0Mut1Ref"
"TTATCCGGGATCTATA-1","0Mut5+Ref"
"TTCACTCGAGCACCTA-1","2+Mut"
"TTCAGCCCTGGTCCAC-1","0Mut1Ref"
"TTCGTACTCCAGAACG-1","0Mut1Ref"
"TTCTGCGAGCGCCCTT-1","0Mut5+Ref"
"TTCTTGTGTCCATCAG-1","0Mut5+Ref"
"TTGAACGACGTGCTGA-1","2+Mut"
"TTGACCAGGAACAACT-1","2+Mut"
"TTGAGAAGTTTAGCAT-1","0Mut1Ref"
"TTGCCCTGATCACGGG-1","2+Mut"
"TTGCCGCTTTCTAGTA-1","1Mut"
"TTGGACCTATAACAGT-1","2+Mut"
"TTGTGCAGCCACGTCA-1","2+Mut"
"AAACTGCTGGCTCCAA-1","0Mut0Ref"
"AAAGACTGGGCGCTTT-1","0Mut0Ref"
"AAATACCTATAAGCAT-1","0Mut0Ref"
"AAATAGGGTGCTATTG-1","0Mut0Ref"
"AAATGGTCAATGTGCC-1","0Mut0Ref"
"AACAATTACTCTACGC-1","0Mut0Ref"
"AACAGGATGGGCCGCG-1","0Mut0Ref"
"AACGATAATGCCGTAG-1","0Mut0Ref"
"AACTAGGCTTGGGTGT-1","0Mut0Ref"
"AACTTGCCCGTATGCA-1","0Mut0Ref"
"AAGCATACTCTCCTGA-1","0Mut0Ref"
"AAGCGCAGGGCTTTGA-1","0Mut0Ref"
"AAGCTAGATCGAGTAA-1","0Mut0Ref"
"AAGCTCTTTCATGGTG-1","0Mut0Ref"
"AAGTGCAAAGGTAGAC-1","0Mut0Ref"
"AATGACGTAGGATGTC-1","0Mut0Ref"
"AATTAGCGCTGCAGCG-1","0Mut0Ref"
"AATTCGATTCGAGGAT-1","0Mut0Ref"
"ACAAATGGTAGTGTTT-1","0Mut0Ref"
"ACAAGCAGTGCCTAGC-1","0Mut0Ref"
"ACAAGGGCAGGCTCTG-1","0Mut0Ref"
"ACAGGCTTGCCCGACT-1","0Mut0Ref"
"ACATCGTATGCAATGG-1","0Mut0Ref"
"ACATTAGTTTATATCC-1","0Mut0Ref"
"ACCAATATGCAAGTTA-1","0Mut0Ref"
"ACCACGTGCAGCTATA-1","0Mut0Ref"
"ACCATATCCGCAATAA-1","0Mut0Ref"
"ACCATCGTATATGGTA-1","0Mut0Ref"
"ACCCATCTTGAGGGTA-1","0Mut0Ref"
"ACCCGGAAACTCCCAG-1","0Mut0Ref"
"ACCCTCCCTTGCTATT-1","0Mut0Ref"
"ACCGCAATAACTGCCT-1","0Mut0Ref"
"ACGAAATGGGCGGCAC-1","0Mut0Ref"
"ACGATGCATATGTTAT-1","0Mut0Ref"
"ACGCGAAGTCAGACGA-1","0Mut0Ref"
"ACGGCACTTGCTTGGG-1","0Mut0Ref"
"ACGGCGACGATGGGAA-1","0Mut0Ref"
"ACGTTAATGTCGAAGA-1","0Mut0Ref"
"ACTCCCTAGAATAGTA-1","0Mut0Ref"
"ACTTGACTCCCTCTTT-1","0Mut0Ref"
"AGAAGGTTGTAGGTCG-1","0Mut0Ref"
"AGACCCACCGCTGATC-1","0Mut0Ref"
"AGAGCAGTTATGAGAC-1","0Mut0Ref"
"AGATAACTTCAGGGCC-1","0Mut0Ref"
"AGATACCGGTGTTCAC-1","0Mut0Ref"
"AGATACTCAAGATCGA-1","0Mut0Ref"
"AGATTATAGGACGTTT-1","0Mut0Ref"
"AGCAAAGGCCGCTAGT-1","0Mut0Ref"
"AGCACTACCGGCCTGT-1","0Mut0Ref"
"AGCATATCAATATGCT-1","0Mut0Ref"
"AGCGTGGTATTCTACT-1","0Mut0Ref"
"AGGTTTCACACACCTT-1","0Mut0Ref"
"AGTCAAGATGACACTT-1","0Mut0Ref"
"AGTCTTTAAAGTGTCC-1","0Mut0Ref"
"AGTGACCTACTTTACG-1","0Mut0Ref"
"AGTTCCTATTTATGTT-1","0Mut0Ref"
"AGTTTGCACCTGCCTC-1","0Mut0Ref"
"ATAAACGGACCCGTAA-1","0Mut0Ref"
"ATAAAGGCTCGGTCGT-1","0Mut0Ref"
"ATAAGGTGGAGAACAT-1","0Mut0Ref"
"ATAAGTTACCGCGACG-1","0Mut0Ref"
"ATAATAGCTGTTGAAT-1","0Mut0Ref"
"ATACCACGGGCAACTT-1","0Mut0Ref"
"ATAGACGAAGAGAAAG-1","0Mut0Ref"
"ATATTCCACATAGTGA-1","0Mut0Ref"
"ATCATCCAATATTTGT-1","0Mut0Ref"
"ATCCAGGATTCGTGAA-1","0Mut0Ref"
"ATCCTACCTAAGCTCT-1","0Mut0Ref"
"ATCGTATTCCGAGAAC-1","0Mut0Ref"
"ATGGCAGCCGAGAAAC-1","0Mut0Ref"
"ATGGTCGCGTGGTTTC-1","0Mut0Ref"
"ATGTGGACATCTTGAT-1","0Mut0Ref"
"ATGTTCGTCGACCCAC-1","0Mut0Ref"
"ATTAAACATGCGGACC-1","0Mut0Ref"
"ATTCACTGATGTTGGA-1","0Mut0Ref"
"ATTCATATACTGTCCA-1","0Mut0Ref"
"ATTCGACGCCGGGCCT-1","0Mut0Ref"
"ATTGCCTTTATGTTTG-1","0Mut0Ref"
"ATTGCTGCTCCTCCAT-1","0Mut0Ref"
"ATTTACAGTTTACTGG-1","0Mut0Ref"
"CAAGAGGGCGGAGTAC-1","0Mut0Ref"
"CAAGCGGCACATAATT-1","0Mut0Ref"
"CAAGGATCGCATGTTC-1","0Mut0Ref"
"CAATTTCGTATAAGGG-1","0Mut0Ref"
"CACATATTAGCAGGAT-1","0Mut0Ref"
"CACATGATTCAGCAAC-1","0Mut0Ref"
"CACCCTAACAAGATCT-1","0Mut0Ref"
"CACGCAGCGAGGCTTT-1","0Mut0Ref"
"CACGTTTCGTACACAC-1","0Mut0Ref"
"CACTAAAGTTGCCTAT-1","0Mut0Ref"
"CACTCAAGAGCTATGG-1","0Mut0Ref"
"CACTCGAGCTGAACAA-1","0Mut0Ref"
"CACTTAATCAGACGGA-1","0Mut0Ref"
"CAGCAGTCTGTGCTGC-1","0Mut0Ref"
"CAGGCCGTTTGGGTGT-1","0Mut0Ref"
"CAGGCGCCATGCTAGG-1","0Mut0Ref"
"CAGTCTGTATACTGGG-1","0Mut0Ref"
"CATACCCGTACCCAGT-1","0Mut0Ref"
"CATACGGCGTCTGGGC-1","0Mut0Ref"
"CATACTATGTAATTGT-1","0Mut0Ref"
"CATCTGCAGGATCATT-1","0Mut0Ref"
"CATGGTAAGTAGCGTT-1","0Mut0Ref"
"CATGTAAGAGACATTT-1","0Mut0Ref"
"CATGTCTCATTTATGG-1","0Mut0Ref"
"CCAACGATGCACTGAT-1","0Mut0Ref"
"CCAATAGTGCCGTCGA-1","0Mut0Ref"
"CCAATGTCACAGCAAG-1","0Mut0Ref"
"CCACAGTACCCATCCT-1","0Mut0Ref"
"CCATCGCAGTTAAACT-1","0Mut0Ref"
"CCATGCCTGTTTAGTA-1","0Mut0Ref"
"CCATGGCCCTTGTACC-1","0Mut0Ref"
"CCATTCCCTGCCCACA-1","0Mut0Ref"
"CCCTGAAATGAGTTGA-1","0Mut0Ref"
"CCCTGCGCTACGCATA-1","0Mut0Ref"
"CCCTTTGACAGGTCTT-1","0Mut0Ref"
"CCGAACCTTCCCGGCC-1","0Mut0Ref"
"CCGACAAAGGGAGTGC-1","0Mut0Ref"
"CCGCATGTGGTACGAT-1","0Mut0Ref"
"CCGCTATCAGCACCAG-1","0Mut0Ref"
"CCTAAATTAACGGTTC-1","0Mut0Ref"
"CCTATAATGAGTGCCC-1","0Mut0Ref"
"CCTCTCTCCCATCTAG-1","0Mut0Ref"
"CCTGACCACCGATGGT-1","0Mut0Ref"
"CCTGGTCGAATGTGGG-1","0Mut0Ref"
"CGATCCGACCCAGTGC-1","0Mut0Ref"
"CGCATGGTGCGATGCT-1","0Mut0Ref"
"CGCCTCCCTCCTCTAT-1","0Mut0Ref"
"CGCGACCGCGACAGAT-1","0Mut0Ref"
"CGCGCATGTTTGATTG-1","0Mut0Ref"
"CGCTATTCTTAGGCTC-1","0Mut0Ref"
"CGCTCTCCGTAGATTA-1","0Mut0Ref"
"CGGAGCATGGCGATCC-1","0Mut0Ref"
"CGGAGTTTGAGAGACA-1","0Mut0Ref"
"CGGGAATTTATGTAAA-1","0Mut0Ref"
"CGGGAGCTTCAGTGTA-1","0Mut0Ref"
"CGGGCCTTCTTTGTAA-1","0Mut0Ref"
"CGTGCCCTCCCGAAGA-1","0Mut0Ref"
"CGTTGAATACCGCGCT-1","0Mut0Ref"
"CGTTGAGCGACCGTCG-1","0Mut0Ref"
"CGTTTCGCTCATTACA-1","0Mut0Ref"
"CTAAAGAATGCCTACT-1","0Mut0Ref"
"CTAAAGGGAAATAGGA-1","0Mut0Ref"
"CTAAGGGAATGATTGG-1","0Mut0Ref"
"CTACGCACGGAGTACC-1","0Mut0Ref"
"CTACTCTAGGCCCGGC-1","0Mut0Ref"
"CTAGATTTACGACGGC-1","0Mut0Ref"
"CTAGGCGCCCTATCAG-1","0Mut0Ref"
"CTAGTGAAGGACAGGA-1","0Mut0Ref"
"CTAGTTACAACCCGGT-1","0Mut0Ref"
"CTATTCATGTGTCCCA-1","0Mut0Ref"
"CTCACCAGTACAAGTG-1","0Mut0Ref"
"CTCTATTTGGCTGCAG-1","0Mut0Ref"
"CTCTTGTCCCGCTTGG-1","0Mut0Ref"
"CTGCACAACTACATAT-1","0Mut0Ref"
"CTGCACTCCAGTACAG-1","0Mut0Ref"
"CTGCCATGCATCACAT-1","0Mut0Ref"
"CTGGATTTACACTTGA-1","0Mut0Ref"
"CTGGTTTCGAGCAAGA-1","0Mut0Ref"
"CTGTACTTCTTAGCAT-1","0Mut0Ref"
"CTGTGCAGGGTAGGTC-1","0Mut0Ref"
"CTGTTACCCAATCTAG-1","0Mut0Ref"
"CTTAGCCCGGATAGTG-1","0Mut0Ref"
"CTTCATTGTCAGTGGA-1","0Mut0Ref"
"CTTGCCCAGGCTCTAC-1","0Mut0Ref"
"CTTGTCAACATTCGAG-1","0Mut0Ref"
"CTTTAGTGCTATTATT-1","0Mut0Ref"
"CTTTCTGTGCGGGCTT-1","0Mut0Ref"
"CTTTGGCTTTAGTAAA-1","0Mut0Ref"
"GAAACCGAATTACCTT-1","0Mut0Ref"
"GAAACTCGTGCGATGC-1","0Mut0Ref"
"GAAAGCCCTTTGGACC-1","0Mut0Ref"
"GAACGTTAGGAAGACG-1","0Mut0Ref"
"GAAGTCAGTTGCACTA-1","0Mut0Ref"
"GAAGTTTCCACTCAAT-1","0Mut0Ref"
"GACATCCGTCGAACTG-1","0Mut0Ref"
"GACCGACTGAAGCGTC-1","0Mut0Ref"
"GACCGTGCTGACGGTG-1","0Mut0Ref"
"GACGCTTGCTTCTAAA-1","0Mut0Ref"
"GACTAGGCCGTTAGGT-1","0Mut0Ref"
"GACTGCGGCACGTGTA-1","0Mut0Ref"
"GAGAATCTCACGATCA-1","0Mut0Ref"
"GAGACTTCGCGACCGA-1","0Mut0Ref"
"GAGAGCGCAGTCCCTG-1","0Mut0Ref"
"GAGATCTGCTTGGCAT-1","0Mut0Ref"
"GAGATCTTCCATGACA-1","0Mut0Ref"
"GAGCCAGCTACCTGTG-1","0Mut0Ref"
"GAGCGCGCACGAGTAG-1","0Mut0Ref"
"GAGTCCGCTTACCGGA-1","0Mut0Ref"
"GATAGGTAACGTTGAC-1","0Mut0Ref"
"GATATGGATTACGCGG-1","0Mut0Ref"
"GATCGCGGGCTCTCCA-1","0Mut0Ref"
"GATCTTTGCAGGGTAT-1","0Mut0Ref"
"GATGAGGAACCTTCGG-1","0Mut0Ref"
"GATGCGTCCTGCATTC-1","0Mut0Ref"
"GATGCTGTATTTCATC-1","0Mut0Ref"
"GATTCGACGGTTCACG-1","0Mut0Ref"
"GATTGGGAAAGGTTGT-1","0Mut0Ref"
"GCAAACCCTACATTAT-1","0Mut0Ref"
"GCAAACCTTGGCCATA-1","0Mut0Ref"
"GCAGATCCATAAGACT-1","0Mut0Ref"
"GCAGATTAGGGATATC-1","0Mut0Ref"
"GCAGGACTATAGAATA-1","0Mut0Ref"
"GCATAGAGCACTCAGG-1","0Mut0Ref"
"GCCGATTGGCCAAGCT-1","0Mut0Ref"
"GCCGCATTAGTCCGGC-1","0Mut0Ref"
"GCGAAACTTAACTGGA-1","0Mut0Ref"
"GCGAAGAATCTGACGG-1","0Mut0Ref"
"GCGACGATAGTTGTAC-1","0Mut0Ref"
"GCGCCGTTCCACGATA-1","0Mut0Ref"
"GCGGAGAGGGAGAACG-1","0Mut0Ref"
"GCGTCTCTGCATTGGG-1","0Mut0Ref"
"GCTAACTGAAGTCTGA-1","0Mut0Ref"
"GCTAAGTAAAGGCGAT-1","0Mut0Ref"
"GCTAGTAGAGCTTGTA-1","0Mut0Ref"
"GCTGAGGCGTGAGTAT-1","0Mut0Ref"
"GCTGGCATATTCACCT-1","0Mut0Ref"
"GGACAAGTTGCAGTGA-1","0Mut0Ref"
"GGACCAACAGGATAAC-1","0Mut0Ref"
"GGAGACGACACCTTTG-1","0Mut0Ref"
"GGATGACGCGAGTTTA-1","0Mut0Ref"
"GGATTGCTGTGACTCC-1","0Mut0Ref"
"GGCAAATTACTTTACT-1","0Mut0Ref"
"GGCAAGGCGAAATAGC-1","0Mut0Ref"
"GGCACTCCACTGGGCA-1","0Mut0Ref"
"GGCGCAGGACATCTTC-1","0Mut0Ref"
"GGCGCATGAATTGATG-1","0Mut0Ref"
"GGCGCGGAGATCTTTC-1","0Mut0Ref"
"GGCGCGTTCGAGTTTA-1","0Mut0Ref"
"GGCGGAGTAATATTAG-1","0Mut0Ref"
"GGCGTCCTATCCGCTG-1","0Mut0Ref"
"GGCTGAAATAGCAAAG-1","0Mut0Ref"
"GGGAACGGGAGGTTAG-1","0Mut0Ref"
"GGGAAGACGGTCTGTC-1","0Mut0Ref"
"GGGAATTCTGTCCAGT-1","0Mut0Ref"
"GGGAGGATGCCCGAAA-1","0Mut0Ref"
"GGGCAGAGCAATCGTT-1","0Mut0Ref"
"GGGCCCGTCTTAAACA-1","0Mut0Ref"
"GGGCGTGGTTTCCCAG-1","0Mut0Ref"
"GGGTACTTCATGAACT-1","0Mut0Ref"
"GGGTATGTATGCACTT-1","0Mut0Ref"
"GGGTCACCGTGACGGT-1","0Mut0Ref"
"GGTATTGCCGAGTTTA-1","0Mut0Ref"
"GGTCAGTGGGTCCCAC-1","0Mut0Ref"
"GGTTAGCTATATGTCT-1","0Mut0Ref"
"GTACGCTTCATTGCAC-1","0Mut0Ref"
"GTACGTTTGCCCGTCA-1","0Mut0Ref"
"GTACTCCCTTATCGCT-1","0Mut0Ref"
"GTAGACACGCCTGACT-1","0Mut0Ref"
"GTAGCCAAACATGGGA-1","0Mut0Ref"
"GTAGTCGCGGGAATCA-1","0Mut0Ref"
"GTATCTTTCATAACCA-1","0Mut0Ref"
"GTCAGAATAGTCTATG-1","0Mut0Ref"
"GTCCCGCGACGTTATG-1","0Mut0Ref"
"GTCGGATATCTCAGAC-1","0Mut0Ref"
"GTCGGGAAGCAGAAAC-1","0Mut0Ref"
"GTCGTACCATCTCGGG-1","0Mut0Ref"
"GTCGTTATTCGCTTAT-1","0Mut0Ref"
"GTCTATTGGTTCCGGT-1","0Mut0Ref"
"GTCTCAAGGCCCGGCT-1","0Mut0Ref"
"GTGACTTCAGTAGTGC-1","0Mut0Ref"
"GTGAGTGGTACAACGC-1","0Mut0Ref"
"GTGCTCAAGTACTGTC-1","0Mut0Ref"
"GTGGTGGCCAAGTGAA-1","0Mut0Ref"
"GTGTATATCAGCGGGC-1","0Mut0Ref"
"GTTACAATTGGTGACG-1","0Mut0Ref"
"GTTACCTACAACTTGC-1","0Mut0Ref"
"GTTCACAGGAGTCTAG-1","0Mut0Ref"
"GTTCGCCATAAGTGCC-1","0Mut0Ref"
"GTTCGTCTAAAGAACT-1","0Mut0Ref"
"GTTGAGTCCCGCCGGT-1","0Mut0Ref"
"GTTGGATTTGCGTTGG-1","0Mut0Ref"
"GTTTACGTTCCATCTG-1","0Mut0Ref"
"GTTTGGTAGGGTCAAC-1","0Mut0Ref"
"TAAGCAGGCGACACGC-1","0Mut0Ref"
"TAAGGCCCGTCACCCT-1","0Mut0Ref"
"TAAGGGCTGGGAGAGG-1","0Mut0Ref"
"TACAAGTCTCGTGCAT-1","0Mut0Ref"
"TACATAGGCATACACC-1","0Mut0Ref"
"TACATTTCTAACGTGC-1","0Mut0Ref"
"TACCAAATAGCCCAGA-1","0Mut0Ref"
"TACCGGCTCACTGCCC-1","0Mut0Ref"
"TACCTACTCCCAGTAT-1","0Mut0Ref"
"TACCTGCTGCACTGTG-1","0Mut0Ref"
"TACGACTGCCTCTTAG-1","0Mut0Ref"
"TACGAGAACTTCACGT-1","0Mut0Ref"
"TACGATGTTGATCATC-1","0Mut0Ref"
"TACGCAGTTCTTTCCT-1","0Mut0Ref"
"TACGCCATATTCTAAT-1","0Mut0Ref"
"TACGCCTCCATTCCGA-1","0Mut0Ref"
"TACTGGACAGCTCGGC-1","0Mut0Ref"
"TAGATATGGACTGGAA-1","0Mut0Ref"
"TAGCTCGCCTGATAAC-1","0Mut0Ref"
"TAGGTCCAAGTAAGGA-1","0Mut0Ref"
"TAGTCCGCAGAGAATG-1","0Mut0Ref"
"TATACACAGACGCCTT-1","0Mut0Ref"
"TATACGCGTCATCACT-1","0Mut0Ref"
"TATCCAATTGGTTATC-1","0Mut0Ref"
"TATCTACAGAGGTAAT-1","0Mut0Ref"
"TATCTACCACAGCGGG-1","0Mut0Ref"
"TATCTAGCCTAAAGGA-1","0Mut0Ref"
"TATGAAGACAGGTGCG-1","0Mut0Ref"
"TATGATCTTCTCTTTA-1","0Mut0Ref"
"TATGGCCCGGCCTCGC-1","0Mut0Ref"
"TATGGGACCGAGCAGG-1","0Mut0Ref"
"TATGGTCTGAGTAACA-1","0Mut0Ref"
"TATTCCACTCAGCTCG-1","0Mut0Ref"
"TATTCCGAGCTGTTAT-1","0Mut0Ref"
"TCAAATTGTTGTGCCG-1","0Mut0Ref"
"TCAACGAGGAGACAAA-1","0Mut0Ref"
"TCACAGGGAATCGCAA-1","0Mut0Ref"
"TCACATCTTATCTGAT-1","0Mut0Ref"
"TCACCCTCTTAAGATT-1","0Mut0Ref"
"TCACGCATTGTAGATC-1","0Mut0Ref"
"TCACGTGCCCGATTCA-1","0Mut0Ref"
"TCAGACGCTATAGAAG-1","0Mut0Ref"
"TCCAAGCCTAGACACA-1","0Mut0Ref"
"TCCACAATGGTTTACG-1","0Mut0Ref"
"TCCAGAGCACCGGTTC-1","0Mut0Ref"
"TCCCGGGTGTGCTGCT-1","0Mut0Ref"
"TCCCGTGTGCAATTTG-1","0Mut0Ref"
"TCCGAACTTGGCTTAC-1","0Mut0Ref"
"TCCGCTGTCATCCCGG-1","0Mut0Ref"
"TCCGCTTATCCCATTA-1","0Mut0Ref"
"TCCTTTAAATCCGCTT-1","0Mut0Ref"
"TCGAGACCAACACCGT-1","0Mut0Ref"
"TCGCAAAGATGCATTT-1","0Mut0Ref"
"TCGCGTCCAGAAGGTC-1","0Mut0Ref"
"TCGCTGCCAATGCTGT-1","0Mut0Ref"
"TCGGAATGCGCTCTGA-1","0Mut0Ref"
"TCGTATTACCCATTGC-1","0Mut0Ref"
"TCGTCTTAGGCGTTAA-1","0Mut0Ref"
"TCGTGTACTATGGATG-1","0Mut0Ref"
"TCTAACTGTATGTAAA-1","0Mut0Ref"
"TCTAGCATGCCCAGAA-1","0Mut0Ref"
"TCTAGTTATCAGAAGA-1","0Mut0Ref"
"TGAATACCGACGCGTA-1","0Mut0Ref"
"TGACCCACGTTAGACA-1","0Mut0Ref"
"TGACTATAATCCTTTC-1","0Mut0Ref"
"TGAGCGGAAAGTGTTC-1","0Mut0Ref"
"TGATAGCGGGATTCTA-1","0Mut0Ref"
"TGATTCGTCTATCACT-1","0Mut0Ref"
"TGATTTATTAGCTGTG-1","0Mut0Ref"
"TGCCCGTACCGTTAAA-1","0Mut0Ref"
"TGCCTTGGCCAGGCAA-1","0Mut0Ref"
"TGCGGACTTGACTCCG-1","0Mut0Ref"
"TGCGTAAGAACCTGAT-1","0Mut0Ref"
"TGCTCTTGAGAGTTTG-1","0Mut0Ref"
"TGCTGTTGAAGAACTC-1","0Mut0Ref"
"TGCTTCCCAAGCAGTA-1","0Mut0Ref"
"TGGCAAACTAAATTAC-1","0Mut0Ref"
"TGGCAGCAGTAATAGT-1","0Mut0Ref"
"TGGCGATCAAGTTATG-1","0Mut0Ref"
"TGGCTATGTGACATAC-1","0Mut0Ref"
"TGGGCCCATACTAATT-1","0Mut0Ref"
"TGTACGAACAAATCCG-1","0Mut0Ref"
"TGTAGTGATCTATAAT-1","0Mut0Ref"
"TGTCCGTGGCGCCTTT-1","0Mut0Ref"
"TGTCCTAAGTCACCGC-1","0Mut0Ref"
"TGTGTTCGTATCCAAG-1","0Mut0Ref"
"TGTTCCGCTTCCATGA-1","0Mut0Ref"
"TGTTCGTATTGCGGTG-1","0Mut0Ref"
"TGTTCTTCCATTGACT-1","0Mut0Ref"
"TTACTAAAGGACTTTA-1","0Mut0Ref"
"TTAGAAGAACATGACT-1","0Mut0Ref"
"TTAGACGAGTCACCTC-1","0Mut0Ref"
"TTAGAGTTTAGAAGGA-1","0Mut0Ref"
"TTAGCTCTGTAATCCG-1","0Mut0Ref"
"TTAGTTATTCGTGGCA-1","0Mut0Ref"
"TTATAGGTAATTGTCT-1","0Mut0Ref"
"TTATGAATGAAAGGGA-1","0Mut0Ref"
"TTATTAGAGCGTGTTC-1","0Mut0Ref"
"TTCACGAAAGGATCAC-1","0Mut0Ref"
"TTCCGCGTGAGGCGAT-1","0Mut0Ref"
"TTCCTCGGACTAACCA-1","0Mut0Ref"
"TTCGACAGAGCCCGTG-1","0Mut0Ref"
"TTCTGACCGGGCTCAA-1","0Mut0Ref"
"TTCTGCCGCGCCTAGA-1","0Mut0Ref"
"TTGAAGAATTCCCAGG-1","0Mut0Ref"
"TTGCACAATTCAGAAA-1","0Mut0Ref"
"TTGTAATCCGTACTCG-1","0Mut0Ref"
"TTGTGAACCTAATCCG-1","0Mut0Ref"
"TTGTGTATGCCACCAA-1","0Mut0Ref"
"TTGTGTTTCCCGAAAG-1","0Mut0Ref"
"CCAATAGATTTCATCT-1","0Mut0Ref"
"GGGCACGAATTGGCCG-1","0Mut0Ref"
